County/State,"Population estimates, July 1, 2019,  (V2019)","Population estimates, July 1, 2018,  (V2018)","Population estimates base, April 1, 2010,  (V2019)","Population estimates base, April 1, 2010,  (V2018)","Population, percent change - April 1, 2010 (estimates base) to July 1, 2019,  (V2019)","Population, percent change - April 1, 2010 (estimates base) to July 1, 2018,  (V2018)","Population, Census, April 1, 2010","Persons under 5 years, percent","Persons under 18 years, percent","Persons 65 years and over, percent","Female persons, percent","White alone, percent","Black or African American alone, percent","American Indian and Alaska Native alone, percent","Asian alone, percent","Native Hawaiian and Other Pacific Islander alone, percent","Two or More Races, percent","Hispanic or Latino, percent","White alone, not Hispanic or Latino, percent","Veterans, 2014-2018","Foreign born persons, percent, 2014-2018","Housing units,  July 1, 2018,  (V2018)","Owner-occupied housing unit rate, 2014-2018","Median value of owner-occupied housing units, 2014-2018","Median selected monthly owner costs -with a mortgage, 2014-2018","Median selected monthly owner costs -without a mortgage, 2014-2018","Median gross rent, 2014-2018","Building permits, 2018","Households, 2014-2018","Persons per household, 2014-2018","Living in same house 1 year ago, percent of persons age 1 year+, 2014-2018","Language other than English spoken at home, percent of persons age 5 years+, 2014-2018","Households with a computer, percent, 2014-2018","Households with a broadband Internet subscription, percent, 2014-2018","High school graduate or higher, percent of persons age 25 years+, 2014-2018","Bachelor's degree or higher, percent of persons age 25 years+, 2014-2018","With a disability, under age 65 years, percent, 2014-2018","Persons  without health insurance, under age 65 years, percent","In civilian labor force, total, percent of population age 16 years+, 2014-2018","In civilian labor force, female, percent of population age 16 years+, 2014-2018","Total accommodation and food services sales, 2012 ($1,000)","Total health care and social assistance receipts/revenue, 2012 ($1,000)","Total manufacturers shipments, 2012 ($1,000)","Total merchant wholesaler sales, 2012 ($1,000)","Total retail sales, 2012 ($1,000)","Total retail sales per capita, 2012","Mean travel time to work (minutes), workers age 16 years+, 2014-2018","Median household income (in 2018 dollars), 2014-2018","Per capita income in past 12 months (in 2018 dollars), 2014-2018","Persons in poverty, percent","Total employer establishments, 2017","Total employment, 2017","Total annual payroll, 2017 ($1,000)","Total employment, percent change, 2016-2017","Total nonemployer establishments, 2017","All firms, 2012","Men-owned firms, 2012","Women-owned firms, 2012","Minority-owned firms, 2012","Nonminority-owned firms, 2012","Veteran-owned firms, 2012","Nonveteran-owned firms, 2012","Population per square mile, 2010","Land area in square miles, 2010",FIPS Code
New Jersey,8882190,8908520,8791978,8791962,1.0,1.3,8791894,5.8,21.9,16.1,51.1,72.0,15.0,0.6,10.0,0.1,2.3,20.6,54.9,333835,22.2,3628302,63.9,327900,2439,1031,1295,27942,3213362,2.71,89.9,31.0,90.1,84.1,89.5,38.9,6.6,8.7,65.5,60.1,19673558,60375232,108854971.0,288467844.0,133665728,15079,31.7,79363,40895,9.5,233907,3679443,220310440,1.2,716918,792088,464592,252944,237242,533808,57996,707975,1195.5,7354.22,34
Atlantic County,263670,265429,274525,274521,-4.0,-3.3,274549,5.4,21.2,17.9,51.6,71.1,17.1,0.7,8.3,0.1,2.7,19.2,55.9,12963,16.2,128409,67.4,218300,1979,890,1094,833,99874,2.63,87.0,26.9,88.8,80.7,86.9,27.4,9.3,9.6,64.8,61.3,4008546,1969273,285412.0,,4292714,15586,24.3,59989,31366,12.8,6239,103653,4170150,-2.1,17255,21211,11850,7026,4969,15444,1425,18637,494.1,555.7,34001
Bergen County,932202,936692,905107,905143,3.0,3.5,905116,5.3,21.2,17.2,51.5,73.0,7.3,0.5,16.9,0.1,2.2,20.6,55.7,27903,30.7,359291,64.4,459200,3007,1254,1454,2849,338249,2.72,91.3,39.7,92.1,88.6,92.2,48.3,4.3,8.7,66.0,59.3,2016749,9302959,12577581.0,77906550.0,20349156,22145,32.7,95837,48426,6.8,31916,436581,26796163,-0.2,98170,110267,63895,34576,31395,75344,7713,98227,3884.5,233.01,34003
Burlington County,445349,445384,448730,448730,-0.8,-0.7,448734,5.1,20.8,16.9,50.7,73.1,18.2,0.3,5.3,0.1,2.9,8.3,67.0,29527,9.7,179893,75.7,247600,2101,897,1299,1268,165496,2.63,89.2,13.1,92.2,87.3,93.6,37.5,7.7,5.4,65.5,62.1,771418,2710591,5496624.0,14927387.0,6868632,15218,29.7,84992,41517,6.2,10444,180194,9509218,-1.1,29235,32404,19316,9473,6296,24687,3105,27554,561.9,798.58,34005
Camden County,506471,507078,513535,513719,-1.4,-1.3,513657,6.1,22.7,15.7,51.8,69.2,21.6,0.6,6.0,0.1,2.5,17.2,56.3,23682,11.0,206146,66.7,195800,1936,919,1051,765,187158,2.67,88.3,20.7,88.8,82.1,88.4,31.8,9.6,8.1,65.9,61.5,789366,4238421,,4906711.0,6445832,12552,28.3,67118,34280,12.9,11518,181720,9007850,1.7,31368,36710,22018,11432,9352,26008,3604,31739,2321.5,221.26,34007
Cape May County,92039,92560,97257,97261,-5.4,-4.8,97265,4.6,17.5,26.6,51.1,91.8,4.9,0.3,1.0,0.1,1.9,7.9,85.2,6783,4.8,99436,77.6,296600,1884,775,1112,643,39904,2.28,88.4,9.1,89.0,82.7,91.2,31.5,9.2,8.0,56.9,52.5,592998,443661,98208.0,,1639427,17023,22.7,63690,38496,10.3,3850,26890,1106046,-2.2,8387,10928,6043,3319,675,9985,881,9437,386.9,251.43,34009
Cumberland County,149527,150972,156627,156633,-4.5,-3.6,156898,6.3,23.9,15.3,49.0,71.9,21.9,1.6,1.5,0.1,3.0,31.4,45.9,6521,10.4,56490,64.4,162500,1611,728,1028,74,50608,2.77,88.0,27.9,82.7,74.4,77.9,14.7,10.1,10.7,56.0,56.2,173701,872101,2811963.0,2422383.0,2049003,12986,24.0,52593,23946,15.2,2815,47231,1880237,2.5,6096,8322,5083,2245,2388,5504,807,7018,324.4,483.7,34011
Essex County,798975,799767,783891,783885,1.9,2.0,783969,6.6,23.6,13.6,51.9,49.0,41.9,0.7,5.8,0.1,2.4,23.5,30.5,18906,26.5,318813,44.2,372600,2823,1302,1143,2053,282502,2.73,89.5,35.1,87.4,78.5,85.7,34.8,8.1,11.6,65.8,61.8,1378698,6274291,5942038.0,13657695.0,9204586,11685,34.6,59302,37141,14.9,18874,292219,17747947,1.1,69794,75564,39994,29092,35331,37784,4543,68453,6211.5,126.21,34013
Gloucester County,291636,291408,288756,288570,1.0,1.0,288288,5.2,21.8,15.8,51.3,83.1,11.2,0.3,3.1,0.1,2.2,6.4,78.1,15013,5.3,113903,80.2,216700,2067,875,1186,640,104587,2.74,90.3,8.8,91.7,86.2,92.9,31.9,8.9,5.2,67.4,62.1,406593,1298161,12683585.0,16524394.0,4452888,15377,30.5,85160,37888,7.6,6092,96513,4115401,3.4,17022,18125,10561,5663,2569,14835,1776,15556,895.3,322.01,34015
Hudson County,672391,676061,634284,634245,6.0,6.6,634266,6.9,20.4,11.8,50.2,64.7,14.8,1.1,16.4,0.2,2.7,42.9,28.8,12172,42.8,284142,31.5,364100,2730,1136,1340,4617,255429,2.59,86.5,59.2,89.7,83.4,84.2,40.9,6.0,12.9,68.9,62.3,1214543,2397648,2682881.0,26043076.0,6647592,10191,36.0,66289,38147,14.3,13550,231615,16807534,5.4,58450,61484,33388,22648,33607,25747,3090,56449,13731.4,46.19,34017
Hunterdon County,124371,124714,127361,127357,-2.3,-2.1,128349,4.1,19.3,18.5,50.5,91.0,2.9,0.2,4.2,0.2,1.4,6.8,85.1,5486,9.0,50463,83.3,402800,2693,1111,1402,621,47180,2.56,91.6,10.7,93.5,89.3,95.1,52.0,5.0,4.1,66.7,63.7,206253,794379,1400241.0,1030558.0,2349986,18497,34.1,112535,54984,4.4,3813,49069,3163509,12.2,12071,13804,8340,3857,1418,12013,1248,11980,300.0,427.82,34019
Mercer County,367430,369811,367485,367511,,0.6,366513,5.7,21.3,15.1,51.1,63.6,21.5,0.6,11.6,0.2,2.4,18.1,48.8,12597,22.0,145121,63.9,284200,2330,990,1233,501,129873,2.71,86.4,29.6,90.0,81.6,88.0,42.0,7.0,9.2,64.8,60.0,731437,2981025,2220326.0,,5127391,13922,28.0,79990,42155,10.9,9732,196384,13434117,3.0,26050,29640,17106,9492,8543,19683,2223,25807,1632.2,224.56,34021
Middlesex County,825062,829685,810038,809924,1.9,2.4,809858,5.8,21.7,15.0,50.7,60.3,11.7,0.6,25.1,0.1,2.2,21.6,42.3,24692,32.7,302239,63.3,336200,2447,1027,1432,2737,284174,2.8,90.2,43.5,91.4,84.9,89.8,42.7,5.4,7.7,64.5,58.2,1387200,5084450,15784943.0,40540733.0,11869778,14422,33.9,85954,38140,8.2,21850,393849,24817893,1.6,60075,68733,41119,20366,28634,37891,4092,61658,2621.6,308.91,34023
Monmouth County,618795,621354,630362,630374,-1.8,-1.4,630380,5.0,21.2,17.6,51.4,84.6,7.6,0.3,5.7,0.1,1.8,11.1,75.0,25948,13.3,262161,73.7,408400,2645,1106,1372,1897,233874,2.64,90.6,17.4,92.1,87.4,93.2,44.9,6.4,6.7,65.8,59.4,1318879,4809461,3053144.0,4888826.0,11026097,17519,34.3,95699,48959,6.7,19294,242695,12309450,0.6,57061,64460,38993,18167,10636,51804,4813,57426,1344.7,468.79,34025
Morris County,491845,494228,492281,492314,-0.1,0.4,492276,5.0,21.1,17.1,50.9,83.2,3.8,0.3,10.7,,1.9,13.7,70.8,18808,19.1,194282,74.4,448800,2864,1173,1476,1589,180896,2.68,91.9,24.3,93.7,90.3,94.3,53.6,4.6,5.2,68.3,61.7,1235003,4235357,5177971.0,21280552.0,9346928,18769,31.0,111316,55826,4.7,16962,305297,23883618,2.9,44473,53567,31260,16132,9323,42107,3955,47200,1069.8,460.18,34027
Ocean County,607186,601651,576546,576546,5.3,4.4,576567,7.1,24.0,22.5,51.7,92.8,3.5,0.3,1.9,,1.4,9.5,84.4,37637,7.9,284906,80.0,272900,2015,755,1422,2283,225270,2.6,90.5,12.3,87.8,80.7,91.8,29.2,7.7,7.7,58.4,54.0,801532,3185948,1400022.0,1295682.0,7695378,13257,30.9,68021,34784,9.7,13380,144569,5593452,1.3,43356,44507,26414,13551,4152,39088,3787,39103,917.0,628.78,34029
Passaic County,501826,503310,501600,501609,,0.3,501226,6.7,23.8,14.5,51.2,74.7,15.0,1.5,5.8,0.2,2.8,42.3,40.8,13369,29.5,177278,53.0,336600,2625,1184,1273,624,163670,3.03,92.2,48.4,85.4,78.4,83.4,28.1,5.4,13.5,63.5,57.1,647958,2516793,5214506.0,9132530.0,7294039,14504,27.9,66476,30800,13.6,12158,144817,6930489,-1.1,42305,45724,27089,14529,16478,27674,3163,40516,2715.3,184.59,34031
Salem County,62385,62607,66072,66066,-5.6,-5.2,66083,5.4,21.4,18.6,50.9,81.3,14.7,0.6,1.1,,2.3,9.5,73.9,3813,4.5,27603,70.5,185300,1785,794,1016,63,23908,2.59,90.5,8.5,85.6,77.5,87.7,20.9,10.7,7.1,61.7,58.5,89248,319868,,1825444.0,627036,9533,26.0,64309,32526,11.2,1155,16668,872089,-6.0,2912,3760,2233,951,395,3137,312,3107,199.1,331.9,34033
Somerset County,328934,331164,323479,323433,1.7,2.4,323444,5.1,21.9,15.6,51.1,68.6,10.4,0.4,18.6,0.1,2.1,15.0,55.5,9761,25.0,127012,75.6,420500,2754,1161,1552,1309,117012,2.78,90.8,30.5,94.0,90.7,94.7,54.5,4.6,5.4,68.5,62.5,739850,2475712,4974693.0,25544663.0,5609291,17117,32.3,111772,54393,4.9,10006,186523,15750383,-2.2,27967,32335,19101,9621,8766,22289,2504,28249,1071.7,301.81,34035
Sussex County,140488,140799,148936,148909,-5.7,-5.4,149265,4.5,19.8,17.3,50.3,93.5,2.5,0.3,2.0,,1.7,8.6,85.8,7710,7.9,62464,82.5,266000,2241,974,1260,156,53361,2.63,91.9,9.5,93.3,88.1,94.8,34.9,7.5,5.7,68.3,63.6,222300,551185,465836.0,459581.0,1819816,12343,38.2,90520,42639,5.2,3224,32217,1352356,-1.4,11240,12238,7489,3366,924,10972,1212,10439,287.6,519.01,34037
Union County,556341,558067,536464,536567,3.7,4.0,536499,6.3,23.4,14.4,51.2,67.6,23.7,0.8,5.7,0.1,2.2,32.3,39.8,14948,30.0,202688,58.9,357300,2705,1196,1248,2312,188987,2.89,90.6,43.5,88.7,81.7,86.2,35.1,5.6,11.2,68.3,62.0,819132,3370818,20139410.0,14069550.0,7376336,13560,31.4,77095,40201,7.8,13821,201537,13136590,0.1,46288,50710,31393,15395,20768,28234,3401,45572,5216.1,102.86,34039
Warren County,105267,105779,108642,108645,-3.1,-2.6,108692,4.6,19.7,18.2,51.0,89.5,5.4,0.3,3.0,0.1,1.7,9.7,81.1,5596,9.6,45562,71.9,260000,2177,922,1099,108,41350,2.52,90.4,12.1,90.3,84.1,91.2,31.8,7.9,7.0,67.1,61.4,122154,543130,2050257.0,,1573822,14619,35.8,78145,38132,6.7,2450,28358,1249406,1.1,7343,8149,4930,2395,911,6893,696,7024,304.5,356.92,34041
